{
  "marketStatus": "Closed",
  "dsex": 6379.67649,
  "dsexChange": -24.35624,
  "dsexChangeP": -0.38033,
  "ds30": 1388.28289,
  "ds30Change": -1.9829,
  "ds30ChangeP": -0.14263,
  "totaltrade": 253832,
  "totalvolume": 479117999,
  "totalvalue": 14628.109,
  "issueAdvance": 153,
  "issueDecline": 194,
  "issueUnchange": 26
}